Suchphrase;Ausgewählter Seitenbegriff;Datenstatus;Volumen pro Monat DE;KD;CPC USD;Anzeigenwettbewerb;Tool-Intent
"gartenbau hattersheim";"Ja";"Numerisches Volumen";"20";"";"1.31";"0.77";"commercial"
"garten und landschaftsbau hattersheim am main";"Nein";"Kein Datensatz";"";"";"";"";""
"galabau hattersheim";"Nein";"Volumen unbekannt";"";"";"";"";"navigational"
"gartengestaltung hattersheim";"Ja";"Kein Datensatz";"";"";"";"";""
"pflasterarbeiten hattersheim";"Ja";"Kein Datensatz";"";"";"";"";""
"zaunbau hattersheim";"Ja";"Kein Datensatz";"";"";"";"";""
"rollrasen verlegen lassen hattersheim";"Ja";"Kein Datensatz";"";"";"";"";""
"gartenbau kelsterbach";"Ja";"Kein Datensatz";"";"";"";"";""
"garten und landschaftsbau kelsterbach";"Ja";"Kein Datensatz";"";"";"";"";""
"galabau kelsterbach";"Nein";"Kein Datensatz";"";"";"";"";""
"gartengestaltung kelsterbach";"Ja";"Kein Datensatz";"";"";"";"";""
"pflasterarbeiten kelsterbach";"Ja";"Kein Datensatz";"";"";"";"";""
"zaunbau kelsterbach";"Ja";"Kein Datensatz";"";"";"";"";""
"sichtschutz kelsterbach";"Ja";"Kein Datensatz";"";"";"";"";""
"gartenbau hofheim";"Ja";"Numerisches Volumen";"90";"0";"0.5";"0.13";"navigational"
"garten und landschaftsbau hofheim am taunus";"Ja";"Numerisches Volumen";"30";"";"";"0.45";"navigational"
"galabau hofheim";"Nein";"Numerisches Volumen";"20";"";"";"0.55";"navigational"
"gartengestaltung hofheim";"Ja";"Numerisches Volumen";"10";"";"";"0.52";"navigational"
"pflasterarbeiten hofheim";"Nein";"Kein Datensatz";"";"";"";"";""
"zaunbau hofheim";"Ja";"Numerisches Volumen";"10";"";"3.28";"0.71";"navigational"
"terrassenbau hofheim";"Ja";"Kein Datensatz";"";"";"";"";""
"gartenbau kriftel";"Ja";"Numerisches Volumen";"10";"50";"";"0.57";"transactional"
"garten und landschaftsbau kriftel";"Ja";"Numerisches Volumen";"10";"";"";"0.57";"informational"
"galabau kriftel";"Nein";"Kein Datensatz";"";"";"";"";""
"gartengestaltung kriftel";"Ja";"Kein Datensatz";"";"";"";"";""
"pflasterarbeiten kriftel";"Ja";"Kein Datensatz";"";"";"";"";""
"zaunbau kriftel";"Nein";"Kein Datensatz";"";"";"";"";""
"rollrasen verlegen lassen kriftel";"Ja";"Kein Datensatz";"";"";"";"";""
"gartenbau flörsheim";"Ja";"Numerisches Volumen";"20";"";"";"0.55";"navigational"
"garten und landschaftsbau flörsheim am main";"Nein";"Kein Datensatz";"";"";"";"";""
"galabau flörsheim";"Nein";"Kein Datensatz";"";"";"";"";""
"gartengestaltung flörsheim";"Ja";"Kein Datensatz";"";"";"";"";""
"pflasterarbeiten flörsheim";"Ja";"Kein Datensatz";"";"";"";"";""
"zaunbau flörsheim";"Ja";"Volumen unbekannt";"";"";"";"";"navigational"
"einfahrt pflastern flörsheim";"Nein";"Kein Datensatz";"";"";"";"";""
"gartenbau hochheim";"Ja";"Volumen unbekannt";"";"";"";"";"navigational"
"garten und landschaftsbau hochheim am main";"Ja";"Kein Datensatz";"";"";"";"";""
"galabau hochheim";"Nein";"Kein Datensatz";"";"";"";"";""
"gartengestaltung hochheim";"Ja";"Kein Datensatz";"";"";"";"";""
"pflasterarbeiten hochheim";"Ja";"Kein Datensatz";"";"";"";"";""
"zaunbau hochheim";"Nein";"Volumen unbekannt";"";"";"";"";"navigational"
"natursteinarbeiten hochheim";"Ja";"Kein Datensatz";"";"";"";"";""
"gartenbau frankfurt höchst";"Ja";"Numerisches Volumen";"10";"50";"";"0.36";"commercial"
"garten und landschaftsbau frankfurt höchst";"Ja";"Kein Datensatz";"";"";"";"";""
"galabau frankfurt höchst";"Nein";"Kein Datensatz";"";"";"";"";""
"gartengestaltung frankfurt höchst";"Ja";"Kein Datensatz";"";"";"";"";""
"pflasterarbeiten frankfurt höchst";"Ja";"Kein Datensatz";"";"";"";"";""
"zaunbau frankfurt höchst";"Ja";"Kein Datensatz";"";"";"";"";""
"garten umgestalten frankfurt höchst";"Ja";"Kein Datensatz";"";"";"";"";""
"gartenbau bad soden";"Ja";"Numerisches Volumen";"30";"";"1.02";"0.72";"commercial"
"garten und landschaftsbau bad soden am taunus";"Ja";"Numerisches Volumen";"10";"";"";"0";"commercial"
"galabau bad soden";"Nein";"Kein Datensatz";"";"";"";"";""
"gartengestaltung bad soden";"Ja";"Numerisches Volumen";"10";"";"";"0.86";"commercial"
"pflasterarbeiten bad soden";"Nein";"Kein Datensatz";"";"";"";"";""
"zaunbau bad soden";"Nein";"Kein Datensatz";"";"";"";"";""
"terrassenbau bad soden";"Ja";"Kein Datensatz";"";"";"";"";""
"gartenbau sulzbach taunus";"Ja";"Volumen unbekannt";"";"";"";"";"navigational"
"garten und landschaftsbau sulzbach taunus";"Ja";"Kein Datensatz";"";"";"";"";""
"galabau sulzbach taunus";"Nein";"Kein Datensatz";"";"";"";"";""
"gartengestaltung sulzbach taunus";"Ja";"Kein Datensatz";"";"";"";"";""
"pflasterarbeiten sulzbach taunus";"Ja";"Kein Datensatz";"";"";"";"";""
"zaunbau sulzbach taunus";"Ja";"Kein Datensatz";"";"";"";"";""
"einfahrt pflastern sulzbach taunus";"Nein";"Kein Datensatz";"";"";"";"";""
"gartenbau eschborn";"Ja";"Numerisches Volumen";"20";"15";"1.88";"0.61";"commercial"
"garten und landschaftsbau eschborn";"Ja";"Numerisches Volumen";"30";"";"1.25";"0.47";"navigational"
"galabau eschborn";"Nein";"Kein Datensatz";"";"";"";"";""
"gartengestaltung eschborn";"Ja";"Kein Datensatz";"";"";"";"";""
"pflasterarbeiten eschborn";"Ja";"Kein Datensatz";"";"";"";"";""
"zaunbau eschborn";"Ja";"Volumen unbekannt";"";"";"";"";"commercial"
"außenanlagenbau eschborn";"Ja";"Kein Datensatz";"";"";"";"";""
"garten und landschaftsbau hattersheim";"Ja";"Numerisches Volumen";"70";"0";"0.72";"0.39";"navigational"
"terrassenbau hattersheim";"Nein";"Kein Datensatz";"";"";"";"";""
"bewässerungsanlagen hattersheim";"Nein";"Kein Datensatz";"";"";"";"";""
"erdarbeiten hattersheim";"Nein";"Kein Datensatz";"";"";"";"";""
"entwässerung hattersheim";"Nein";"Volumen unbekannt";"";"";"";"";"navigational"
"natursteinarbeiten hattersheim";"Nein";"Kein Datensatz";"";"";"";"";""
"einfahrt pflastern lassen hattersheim";"Nein";"Kein Datensatz";"";"";"";"";""
"garten gestalten lassen hattersheim";"Nein";"Kein Datensatz";"";"";"";"";""
"gartenbau hattersheim am main";"Nein";"Kein Datensatz";"";"";"";"";""
"gartenbau okriftel";"Nein";"Kein Datensatz";"";"";"";"";""
"gartengestaltung okriftel";"Nein";"Kein Datensatz";"";"";"";"";""
"pflasterarbeiten okriftel";"Nein";"Kein Datensatz";"";"";"";"";""
"gartenbau eddersheim";"Nein";"Kein Datensatz";"";"";"";"";""
"gartengestaltung eddersheim";"Nein";"Kein Datensatz";"";"";"";"";""
"pflasterarbeiten eddersheim";"Nein";"Kein Datensatz";"";"";"";"";""
"terrassenbau kelsterbach";"Nein";"Kein Datensatz";"";"";"";"";""
"rollrasen verlegen lassen kelsterbach";"Nein";"Kein Datensatz";"";"";"";"";""
"bewässerungsanlagen kelsterbach";"Nein";"Kein Datensatz";"";"";"";"";""
"erdarbeiten kelsterbach";"Nein";"Kein Datensatz";"";"";"";"";""
"entwässerung kelsterbach";"Nein";"Kein Datensatz";"";"";"";"";""
"natursteinarbeiten kelsterbach";"Nein";"Kein Datensatz";"";"";"";"";""
"einfahrt pflastern lassen kelsterbach";"Nein";"Kein Datensatz";"";"";"";"";""
"garten gestalten lassen kelsterbach";"Nein";"Kein Datensatz";"";"";"";"";""
"garten und landschaftsbau hofheim";"Nein";"Numerisches Volumen";"20";"";"1.55";"0.8";"navigational"
"rollrasen verlegen lassen hofheim";"Nein";"Volumen unbekannt";"";"";"";"";"transactional"
"bewässerungsanlagen hofheim";"Nein";"Kein Datensatz";"";"";"";"";""
"erdarbeiten hofheim";"Nein";"Kein Datensatz";"";"";"";"";""
"entwässerung hofheim";"Nein";"Kein Datensatz";"";"";"";"";""
"natursteinarbeiten hofheim";"Nein";"Kein Datensatz";"";"";"";"";""
"einfahrt pflastern lassen hofheim";"Nein";"Kein Datensatz";"";"";"";"";""
"garten gestalten lassen hofheim";"Nein";"Kein Datensatz";"";"";"";"";""
"gartenbau hofheim am taunus";"Ja";"Kein Datensatz";"";"";"";"";""
"gartenbau marxheim";"Nein";"Kein Datensatz";"";"";"";"";""
"gartengestaltung marxheim";"Nein";"Kein Datensatz";"";"";"";"";""
"pflasterarbeiten marxheim";"Nein";"Kein Datensatz";"";"";"";"";""
"gartenbau diedenbergen";"Nein";"Volumen unbekannt";"";"";"";"";"navigational"
"gartengestaltung diedenbergen";"Nein";"Kein Datensatz";"";"";"";"";""
"pflasterarbeiten diedenbergen";"Nein";"Kein Datensatz";"";"";"";"";""
"gartenbau lorsbach";"Nein";"Kein Datensatz";"";"";"";"";""
"gartengestaltung lorsbach";"Nein";"Kein Datensatz";"";"";"";"";""
"pflasterarbeiten lorsbach";"Nein";"Kein Datensatz";"";"";"";"";""
"gartenbau langenhain";"Nein";"Kein Datensatz";"";"";"";"";""
"gartengestaltung langenhain";"Nein";"Kein Datensatz";"";"";"";"";""
"pflasterarbeiten langenhain";"Nein";"Kein Datensatz";"";"";"";"";""
"gartenbau wallau";"Nein";"Kein Datensatz";"";"";"";"";""
"gartengestaltung wallau";"Nein";"Kein Datensatz";"";"";"";"";""
"pflasterarbeiten wallau";"Nein";"Kein Datensatz";"";"";"";"";""
"gartenbau wildsachsen";"Nein";"Kein Datensatz";"";"";"";"";""
"gartengestaltung wildsachsen";"Nein";"Kein Datensatz";"";"";"";"";""
"pflasterarbeiten wildsachsen";"Nein";"Kein Datensatz";"";"";"";"";""
"terrassenbau kriftel";"Nein";"Kein Datensatz";"";"";"";"";""
"bewässerungsanlagen kriftel";"Ja";"Kein Datensatz";"";"";"";"";""
"erdarbeiten kriftel";"Nein";"Kein Datensatz";"";"";"";"";""
"entwässerung kriftel";"Nein";"Kein Datensatz";"";"";"";"";""
"natursteinarbeiten kriftel";"Nein";"Kein Datensatz";"";"";"";"";""
"einfahrt pflastern lassen kriftel";"Nein";"Kein Datensatz";"";"";"";"";""
"garten gestalten lassen kriftel";"Nein";"Kein Datensatz";"";"";"";"";""
"garten und landschaftsbau flörsheim";"Ja";"Numerisches Volumen";"30";"";"0.59";"0.8";"navigational"
"terrassenbau flörsheim";"Nein";"Kein Datensatz";"";"";"";"";""
"rollrasen verlegen lassen flörsheim";"Nein";"Kein Datensatz";"";"";"";"";""
"bewässerungsanlagen flörsheim";"Nein";"Kein Datensatz";"";"";"";"";""
"erdarbeiten flörsheim";"Nein";"Kein Datensatz";"";"";"";"";""
"entwässerung flörsheim";"Nein";"Kein Datensatz";"";"";"";"";""
"natursteinarbeiten flörsheim";"Nein";"Kein Datensatz";"";"";"";"";""
"einfahrt pflastern lassen flörsheim";"Ja";"Kein Datensatz";"";"";"";"";""
"garten gestalten lassen flörsheim";"Nein";"Kein Datensatz";"";"";"";"";""
"gartenbau flörsheim am main";"Nein";"Kein Datensatz";"";"";"";"";""
"gartenbau wicker";"Nein";"Kein Datensatz";"";"";"";"";""
"gartengestaltung wicker";"Nein";"Kein Datensatz";"";"";"";"";""
"pflasterarbeiten wicker";"Nein";"Kein Datensatz";"";"";"";"";""
"gartenbau weilbach";"Nein";"Kein Datensatz";"";"";"";"";""
"gartengestaltung weilbach";"Nein";"Kein Datensatz";"";"";"";"";""
"pflasterarbeiten weilbach";"Nein";"Kein Datensatz";"";"";"";"";""
"garten und landschaftsbau hochheim";"Nein";"Kein Datensatz";"";"";"";"";""
"terrassenbau hochheim";"Ja";"Kein Datensatz";"";"";"";"";""
"rollrasen verlegen lassen hochheim";"Nein";"Kein Datensatz";"";"";"";"";""
"bewässerungsanlagen hochheim";"Nein";"Kein Datensatz";"";"";"";"";""
"erdarbeiten hochheim";"Nein";"Kein Datensatz";"";"";"";"";""
"entwässerung hochheim";"Nein";"Kein Datensatz";"";"";"";"";""
"einfahrt pflastern lassen hochheim";"Nein";"Kein Datensatz";"";"";"";"";""
"garten gestalten lassen hochheim";"Nein";"Kein Datensatz";"";"";"";"";""
"gartenbau hochheim am main";"Nein";"Kein Datensatz";"";"";"";"";""
"gartenbau massenheim";"Nein";"Kein Datensatz";"";"";"";"";""
"gartengestaltung massenheim";"Nein";"Kein Datensatz";"";"";"";"";""
"pflasterarbeiten massenheim";"Nein";"Kein Datensatz";"";"";"";"";""
"garten und landschaftsbau frankfurt-höchst";"Nein";"Kein Datensatz";"";"";"";"";""
"gartengestaltung frankfurt-höchst";"Nein";"Kein Datensatz";"";"";"";"";""
"pflasterarbeiten frankfurt-höchst";"Nein";"Kein Datensatz";"";"";"";"";""
"terrassenbau frankfurt-höchst";"Nein";"Kein Datensatz";"";"";"";"";""
"zaunbau frankfurt-höchst";"Nein";"Kein Datensatz";"";"";"";"";""
"rollrasen verlegen lassen frankfurt-höchst";"Nein";"Kein Datensatz";"";"";"";"";""
"bewässerungsanlagen frankfurt-höchst";"Nein";"Kein Datensatz";"";"";"";"";""
"erdarbeiten frankfurt-höchst";"Nein";"Kein Datensatz";"";"";"";"";""
"entwässerung frankfurt-höchst";"Nein";"Kein Datensatz";"";"";"";"";""
"natursteinarbeiten frankfurt-höchst";"Nein";"Kein Datensatz";"";"";"";"";""
"einfahrt pflastern lassen frankfurt-höchst";"Nein";"Kein Datensatz";"";"";"";"";""
"garten gestalten lassen frankfurt-höchst";"Nein";"Kein Datensatz";"";"";"";"";""
"gartenbau frankfurt unterliederbach";"Nein";"Kein Datensatz";"";"";"";"";""
"gartengestaltung frankfurt unterliederbach";"Nein";"Kein Datensatz";"";"";"";"";""
"pflasterarbeiten frankfurt unterliederbach";"Nein";"Kein Datensatz";"";"";"";"";""
"gartenbau frankfurt sindlingen";"Nein";"Kein Datensatz";"";"";"";"";""
"gartengestaltung frankfurt sindlingen";"Nein";"Kein Datensatz";"";"";"";"";""
"pflasterarbeiten frankfurt sindlingen";"Nein";"Kein Datensatz";"";"";"";"";""
"gartenbau frankfurt zeilsheim";"Nein";"Kein Datensatz";"";"";"";"";""
"gartengestaltung frankfurt zeilsheim";"Nein";"Kein Datensatz";"";"";"";"";""
"pflasterarbeiten frankfurt zeilsheim";"Nein";"Kein Datensatz";"";"";"";"";""
"garten und landschaftsbau bad soden";"Nein";"Kein Datensatz";"";"";"";"";""
"rollrasen verlegen lassen bad soden";"Nein";"Kein Datensatz";"";"";"";"";""
"bewässerungsanlagen bad soden";"Nein";"Kein Datensatz";"";"";"";"";""
"erdarbeiten bad soden";"Nein";"Kein Datensatz";"";"";"";"";""
"entwässerung bad soden";"Nein";"Kein Datensatz";"";"";"";"";""
"natursteinarbeiten bad soden";"Nein";"Kein Datensatz";"";"";"";"";""
"einfahrt pflastern lassen bad soden";"Nein";"Kein Datensatz";"";"";"";"";""
"garten gestalten lassen bad soden";"Nein";"Kein Datensatz";"";"";"";"";""
"gartenbau bad soden am taunus";"Ja";"Numerisches Volumen";"10";"";"";"0.43";"commercial"
"gartenbau neuenhain";"Nein";"Kein Datensatz";"";"";"";"";""
"gartengestaltung neuenhain";"Nein";"Kein Datensatz";"";"";"";"";""
"pflasterarbeiten neuenhain";"Nein";"Kein Datensatz";"";"";"";"";""
"gartenbau altenhain";"Nein";"Kein Datensatz";"";"";"";"";""
"gartengestaltung altenhain";"Nein";"Kein Datensatz";"";"";"";"";""
"pflasterarbeiten altenhain";"Nein";"Kein Datensatz";"";"";"";"";""
"terrassenbau sulzbach taunus";"Nein";"Kein Datensatz";"";"";"";"";""
"rollrasen verlegen lassen sulzbach taunus";"Nein";"Kein Datensatz";"";"";"";"";""
"bewässerungsanlagen sulzbach taunus";"Nein";"Kein Datensatz";"";"";"";"";""
"erdarbeiten sulzbach taunus";"Nein";"Kein Datensatz";"";"";"";"";""
"entwässerung sulzbach taunus";"Nein";"Kein Datensatz";"";"";"";"";""
"natursteinarbeiten sulzbach taunus";"Nein";"Kein Datensatz";"";"";"";"";""
"einfahrt pflastern lassen sulzbach taunus";"Ja";"Kein Datensatz";"";"";"";"";""
"garten gestalten lassen sulzbach taunus";"Nein";"Kein Datensatz";"";"";"";"";""
"gartenbau sulzbach (taunus)";"Nein";"Kein Datensatz";"";"";"";"";""
"gartengestaltung sulzbach (taunus)";"Nein";"Kein Datensatz";"";"";"";"";""
"pflasterarbeiten sulzbach (taunus)";"Nein";"Kein Datensatz";"";"";"";"";""
"terrassenbau eschborn";"Nein";"Kein Datensatz";"";"";"";"";""
"rollrasen verlegen lassen eschborn";"Nein";"Kein Datensatz";"";"";"";"";""
"bewässerungsanlagen eschborn";"Nein";"Kein Datensatz";"";"";"";"";""
"erdarbeiten eschborn";"Nein";"Kein Datensatz";"";"";"";"";""
"entwässerung eschborn";"Nein";"Kein Datensatz";"";"";"";"";""
"natursteinarbeiten eschborn";"Nein";"Kein Datensatz";"";"";"";"";""
"einfahrt pflastern lassen eschborn";"Nein";"Kein Datensatz";"";"";"";"";""
"garten gestalten lassen eschborn";"Nein";"Kein Datensatz";"";"";"";"";""
"gartenbau niederhöchstadt";"Nein";"Kein Datensatz";"";"";"";"";""
"gartengestaltung niederhöchstadt";"Nein";"Kein Datensatz";"";"";"";"";""
"pflasterarbeiten niederhöchstadt";"Nein";"Kein Datensatz";"";"";"";"";""
